ecotaxa,nb_profiles,ecopart,profiles
UVP5 AN Arctique (an1304 an1405 an1407) part A to validate,71,"AN 1304, AN 1405","an1304_l1_089,an1304_l1_085,an1304_l1_070,an1304_l1_071,an1304_l1_072,an1304_l1_076,an1304_l1_077,an1304_l1_078,an1304_l1_084,an1304_l1_088,an1304_l2_002,an1304_l1_086,an1304_l2_003,an1304_l2_007,an1304_l2_005,an1304_l2_009,an1304_l2_006,an1304_l2_008,an1304_l2_001,an1304_l2_004,an1304_l2_010,an1304_l1_015,an1304_l1_102,an1405_l1b_026,an1405_l1b_027,an1405_l1b_030,an1405_l1b_064,an1405_l1b_065,an1405_l1b_062,an1405_l1b_063,an1405_l1b_066,an1405_l1b_068,an1405_l1b_070,an1405_l1b_071,an1405_l1b_007,an1405_l1b_015,an1405_l1b_011,an1405_l1b_009,an1405_l1b_006,an1405_l1b_037,an1405_l1b_038,an1405_l1b_039,an1405_l1b_042,an1405_l1b_043,an1405_l1b_040,an1405_l1b_041,an1405_l1b_046,an1405_l1b_047,an1405_l1b_044,an1405_l1b_048,an1405_l1b_051,an1405_l1b_049,an1405_l1b_050,an1405_l1b_055,an1405_l1b_052,an1405_l1b_053,an1405_l1b_054,an1405_l1b_059,an1405_l1b_061,an1405_l1b_067,an1405_l1b_012,an1405_l1b_025,an1405_l1b_060,an1405_l1b_069,an1405_l1b_004,an1405_l1b_013,an1405_l1b_058,an1405_l1b_008,an1405_l1b_010,an1405_l1b_005,an1405_l1b_014"
UVP5 BOUM 2008 ,183,BOUM 2008,"boum016,boum042,boum158,boum044,boum134,boum097,boum157,boum181,boum021,boum031,boum040,boum102,boum049,boum130,boum093,boum110,boum169,boum187,boum166,boum032,boum057,boum025,boum182,boum022,boum023,boum024,boum105,boum115,boum117,boum118,boum119,boum120,boum170,boum171,boum172,boum188,boum048,boum056,boum058,boum060,boum063,boum066,boum070,boum071,boum072,boum106,boum107,boum064,boum068,boum069,boum073,boum083,boum084,boum094,boum095,boum078,boum112,boum126,boum155,boum162,boum175,boum116,boum121,boum001,boum002,boum003,boum008,boum019,boum009,boum017,boum004,boum018,boum007,boum010,boum011,boum012,boum035,boum028,boum034,boum036,boum038,boum061,boum043,boum054,boum051,boum052,boum075,boum074,boum076,boum062,boum079,boum080,boum108,boum136,boum139,boum142,boum145,boum077,boum088,boum081,boum082,boum085,boum090,boum101,boum127,boum109,boum124,boum114,boum122,boum123,boum125,boum132,boum133,boum135,boum137,boum138,boum140,boum141,boum144,boum146,boum147,boum148,boum150,boum149,boum164,boum152,boum161,boum153,boum156,boum163,boum168,boum167,boum190,boum176,boum186,boum177,boum178,boum189,boum192,boum191,boum216,boum254,boum174,boum096,boum111,boum091,boum092,boum194,boum131,boum113,boum128,boum193,boum050,boum100,boum165,boum173,boum005,boum006,boum103,boum055,boum154,boum027,boum030,boum098,boum026,boum065,boum180,boum151,boum185,boum047,boum039,boum020,boum099,boum059,boum143,boum029,boum041,boum183,boum104,boum037,boum184,boum053,boum033"
UVP5 CASSIOPEE 2015,13,CASSIOPEE 2015,"csp04702,csp05601,csp05502,csp07002,csp06001,csp03001,csp03601,csp03701,csp02501,csp06901,csp06701,csp06501,csp01402"
UVP5 CCELTER (Iter2008 ccelter_2012 ccelter_2014),194,"CCELTER 2008, CCELTER 2012, CCELTER 2014","ccep0810_057,ccep0810_065,ccep0810_055,ccep0810_058,ccep0810_054,ccep0810_056,ccep0810_064,ccep0810_077,ccep0810_069,ccep0810_066,ccep0810_074,ccep0810_070,ccep0810_075,ccep0810_073,ccep0810_071,ccep0810_002,ccep0810_007,ccep0810_008,ccep0810_005,ccep0810_013,ccep0810_012,ccep0810_011,ccep0810_020,ccep0810_019,ccep0810_030,ccep0810_032,ccep0810_033,ccep0810_038,ccep0810_039,ccep0810_037,ccep0810_044,ccep0810_048,ccep0810_049,ccep0810_051,ccep0810_009,ccep0810_021,ccep0810_035,ccep0810_040,ccep0810_060,ccep0810_025,ccep0810_047,ccep0810_053,ccep0810_063,ccep0810_067,ccep0810_068,ccep0810_034,ccep0810_062,ccep0810_078,ccep0810_072,ccep0810_076,ccep0810_004,ccep0810_042,ccep0810_010,ccep0810_018,ccep0810_029,ccep0810_036,ccep0810_050,ccep0810_014,ccep0810_028,ccep0810_046,ccep0810_006,ccep0810_027,ccep0810_031,ccep0810_015,ccep0810_017,ccep0810_001,ccep0810_043,ccep0810_016,ccep0810_003,ccep0810_045,ccep0810_041,ccep0810_026,ccep0810_052,crossing_01_st05,cycle_01_cast06,crossing_01_st06,crossing_02_st07,cycle_03_cast06,cycle_03_cast07,cycle_04_cast07,cycle_03_cast08,cycle_04_cast03,cycle_04_cast04,cycle_04_cast05,cycle_04_cast08,cycle_05_cast01,cycle_05_cast02,cycle_04_cast06,crossing_02_st03,crossing_01_st01,crossing_01_st07,cycle_02_cast08_1,crossing_02_st01,crossing_02_st02,cycle_04_cast02,cycle_05_cast04,cycle_05_cast03,crossing_01_st10,crossing_01_st08,crossing_01_st11,crossing_01_st12,crossing_02_st09,crossing_02_st04,crossing_02_st05,crossing_02_st10,cycle_01_cast02,cycle_01_cast05,cycle_03_cast01,cycle_03_cast02,cycle_02_cast07,cycle_03_cast03,cycle_03_cast05,cycle_02_cast03,cycle_03_cast04,cycle_02_cast06,cycle_02_cast09,crossing_01_st03,crossing_01_st02,cycle_02_cast08_2,crossing_02_st06,cycle_02_cast01,crossing_02_st08,cycle_01_cast03,cycle_02_cast04,cycle_04_cast01,crossing_01_st09,crossing_01_st04,cycle_02_cast02,cycle_02_cast05,cycle_05_cast05,crossing_01_st13,cycle_01_cast04,p1408_007,p1408_008,p1408_009,p1408_006,p1408_005,p1408_010,p1408_012,p1408_018,p1408_019,p1408_020,p1408_021,p1408_022,p1408_017,p1408_024,p1408_030,p1408_031,p1408_035,p1408_047,p1408_034,p1408_016,p1408_023,p1408_013,p1408_046,p1408_050,p1408_055,p1408_044,p1408_051,p1408_052,p1408_053,p1408_059,p1408_039,p1408_058,p1408_060,p1408_061,p1408_062,p1408_036,p1408_057,p1408_032,p1408_026,p1408_027,p1408_041,p1408_042,p1408_043,p1408_040,p1408_045,p1408_049,p1408_056,p1408_033,p1408_014,p1408_048,p1408_001,p1408_002,p1408_054,p1408_004,p1408_011,p1408_015,p1408_025,p1408_003,p1408_037,p1408_029,p1408_038,p1408_028"
UVP5 CCELTER 2016,60,CCELTER 2016,"p1604_38,p1604_05,p1604_19,p1604_12,p1604_03,p1604_53,p1604_04,p1604_29,p1604_47,p1604_07,p1604_06,p1604_11,p1604_10,p1604_15,p1604_13,p1604_14,p1604_18,p1604_16,p1604_17,p1604_24,p1604_28,p1604_26,p1604_27,p1604_31_b,p1604_30,p1604_31_a,p1604_23,p1604_21,p1604_25,p1604_35,p1604_32_d,p1604_32_b,p1604_32_c,p1604_34,p1604_32_e,p1604_33,p1604_36,p1604_31_d,p1604_32_a,p1604_41,p1604_43,p1604_42,p1604_46,p1604_44,p1604_45,p1604_50,p1604_48,p1604_39,p1604_49,p1604_51,p1604_01,p1604_08,p1604_22,p1604_52,p1604_31_c,p1604_02,p1604_09,p1604_20,p1604_40,p1604_37"
UVP5 DEWEX 2013 (spring),11,DEWEX SPRING 2013,"dewex_leg2_06,dewex_leg2_19,dewex_leg2_61,dewex_leg2_78,dewex_leg2_30,dewex_leg2_67,dewex_leg2_48,dewex_leg2_53,dewex_leg2_37,dewex_leg2_09,dewex_leg2_25"
UVP5 DEWEX 2013 (winter),2,DEWEX WINTER 2013,"dewex_leg1_34,dewex_leg1_20"
UVP5 DY032 205,15,DY032 2015,"station_094,station_066,station_024,station_042,station_041,station_044,station_047,station_060,station_072,station_078,station_001,station_018,station_096,station_092,station_085"
UVP5 Dyfamed 2013 2014 2015 2016 2017,5,"MOOSE DYF 2013, MOOSE DYF 2014, MOOSE DYF 2015","moose68,moose67_test,moose77,moose76,moose83"
UVP5 Geomar 2012 msm22,113,MSM 22,"c_msm22_058,c_msm22_002,c_msm22_006,c_msm22_014,c_msm22_010,c_msm22_024,c_msm22_045,c_msm22_048,c_msm22_056,c_msm22_059,c_msm22_060,c_msm22_065,c_msm22_068,c_msm22_069,c_msm22_088,c_msm22_089,c_msm22_090,c_msm22_097,c_msm22_098,c_msm22_094,c_msm22_093,c_msm22_096,c_msm22_095,c_msm22_101,c_msm22_017,c_msm22_066,c_msm22_007,c_msm22_021,c_msm22_052,c_msm22_001,c_msm22_026,c_msm22_027,c_msm22_031,c_msm22_038,c_msm22_032,c_msm22_037,c_msm22_034,c_msm22_033,c_msm22_039,c_msm22_041,c_msm22_072,c_msm22_042,c_msm22_054,c_msm22_040,c_msm22_071,c_msm22_025,c_msm22_076,c_msm22_086,c_msm22_103,c_msm22_113,c_msm22_075,c_msm22_080,c_msm22_106,c_msm22_107,c_msm22_074,c_msm22_083,c_msm22_084,c_msm22_085,c_msm22_100,c_msm22_079,c_msm22_082,c_msm22_087,c_msm22_105,c_msm22_108,c_msm22_111,c_msm22_004,c_msm22_061,c_msm22_102,c_msm22_067,c_msm22_028,c_msm22_078,c_msm22_011,c_msm22_005,c_msm22_018,c_msm22_050,c_msm22_013,c_msm22_055,c_msm22_016,c_msm22_046,c_msm22_019,c_msm22_015,c_msm22_051,c_msm22_062,c_msm22_115,c_msm22_073,c_msm22_104,c_msm22_112,c_msm22_035,c_msm22_043,c_msm22_023,c_msm22_091,c_msm22_008,c_msm22_020,c_msm22_092,c_msm22_057,c_msm22_070,c_msm22_053,c_msm22_030,c_msm22_029,c_msm22_036,c_msm22_077,c_msm22_109,c_msm22_114,c_msm22_009,c_msm22_047,c_msm22_022,c_msm22_049,c_msm22_110,c_msm22_064,c_msm22_044,c_msm22_063,c_msm22_099,c_msm22_003"
UVP5 Geomar 2012 msm23,64,MSM 23,"c_msm23_024,c_msm23_030,c_msm23_042,c_msm23_010,c_msm23_011,c_msm23_013,c_msm23_001,c_msm23_004,c_msm23_005,c_msm23_006,c_msm23_003,c_msm23_029,c_msm23_037,c_msm23_060,c_msm23_015,c_msm23_026,c_msm23_055,c_msm23_062,c_msm23_020,c_msm23_008,c_msm23_032,c_msm23_023,c_msm23_038,c_msm23_036,c_msm23_034,c_msm23_059,c_msm23_040,c_msm23_041,c_msm23_043,c_msm23_044,c_msm23_047,c_msm23_051,c_msm23_048,c_msm23_052,c_msm23_054,c_msm23_046,c_msm23_049,c_msm23_053,c_msm23_050,c_msm23_058,c_msm23_066,c_msm23_045,c_msm23_057,c_msm23_007,c_msm23_016,c_msm23_018,c_msm23_027,c_msm23_033,c_msm23_061,c_msm23_035,c_msm23_021,c_msm23_019,c_msm23_012,c_msm23_031,c_msm23_025,c_msm23_063,c_msm23_064,c_msm23_067,c_msm23_056,c_msm23_009,c_msm23_022,c_msm23_014,c_msm23_002,c_msm23_017"
UVP5 Geomar 2014 m105,8,M 105,"041,072,077,102,114,067,013,016"
UVP5 Geomar 2014 m106,115,M 106,"m106_038,m106_014,m106_023,m106_021,m106_024,m106_013,m106_044,m106_061,m106_069,m106_043,m106_048,m106_116,m106_118,m106_008,m106_017,m106_015,m106_042,m106_041,m106_064,m106_066,m106_065,m106_067,m106_104,m106_102,m106_108,m106_110,m106_004,m106_112,m106_106,m106_109,m106_003,m106_107,m106_114,m106_111,m106_113,m106_006,m106_007,m106_009,m106_010,m106_011,m106_016,m106_053,m106_039,m106_046,m106_047,m106_045,m106_049,m106_051,m106_026,m106_063,m106_057,m106_080,m106_058,m106_062,m106_059,m106_092,m106_115,m106_002,m106_028,m106_001,m106_029,m106_032,m106_031,m106_034,m106_036,m106_037,m106_070,m106_050,m106_068,m106_073,m106_075,m106_090,m106_083,m106_084,m106_085,m106_089,m106_098,m106_099,m106_101,m106_005,m106_056,m106_030,m106_033,m106_035,m106_040,m106_022,m106_072,m106_012,m106_095,m106_093,m106_076,m106_071,m106_074,m106_081,m106_096,m106_100,m106_087,m106_079,m106_082,m106_094,m106_020,m106_103,m106_117,m106_025,m106_019,m106_027,m106_105,m106_052,m106_060,m106_097,m106_086,m106_078,m106_077,m106_091,m106_088"
UVP5 Geomar 2014 m107,73,M 107,"c_m107_071,c_m107_013,c_m107_006,c_m107_010,c_m107_018,c_m107_026,c_m107_025,c_m107_022,c_m107_007,c_m107_015,c_m107_016,c_m107_034,c_m107_035,c_m107_037,c_m107_039,c_m107_044,c_m107_038,c_m107_042,c_m107_056,c_m107_052,c_m107_060,c_m107_063,c_m107_068,c_m107_066,c_m107_023,c_m107_045,c_m107_061,c_m107_019,c_m107_048,c_m107_073,c_m107_046,c_m107_021,c_m107_017,c_m107_036,c_m107_024,c_m107_031,c_m107_011,c_m107_040,c_m107_049,c_m107_062,c_m107_069,c_m107_028,c_m107_043,c_m107_003,c_m107_072,c_m107_001,c_m107_041,c_m107_053,c_m107_032,c_m107_058,c_m107_059,c_m107_054,c_m107_033,c_m107_004,c_m107_047,c_m107_005,c_m107_012,c_m107_014,c_m107_008,c_m107_055,c_m107_050,c_m107_057,c_m107_070,c_m107_002,c_m107_009,c_m107_020,c_m107_027,c_m107_029,c_m107_064,c_m107_051,c_m107_065,c_m107_030,c_m107_067"
UVP5 Geomar 2014 m108,12,M 108,"c_m108_012,c_m108_016,c_m108_002,c_m108_003,c_m108_009,c_m108_001,c_m108_010,c_m108_015,c_m108_013,c_m108_014,c_m108_008,c_m108_011"
UVP5 Geomar 2014 ps88b,39,PS 88B,"c_ps88b_030,c_ps88b_044,c_ps88b_037,c_ps88b_026,c_ps88b_023,c_ps88b_028,c_ps88b_043,c_ps88b_041,c_ps88b_002,c_ps88b_020,c_ps88b_038,c_ps88b_034,c_ps88b_027,c_ps88b_017,c_ps88b_018,c_ps88b_033,c_ps88b_036,c_ps88b_006,c_ps88b_003,c_ps88b_007,c_ps88b_009,c_ps88b_011,c_ps88b_013,c_ps88b_039,c_ps88b_021,c_ps88b_031,c_ps88b_032,c_ps88b_042,c_ps88b_008,c_ps88b_001,c_ps88b_015,c_ps88b_019,c_ps88b_025,c_ps88b_040,c_ps88b_035,c_ps88b_014,c_ps88b_012,c_ps88b_029,c_ps88b_016"
UVP5 Geomar 2015 m116,82,M 116,"m116_071,m116_072,m116_016,m116_012,m116_026,m116_022,m116_032,m116_060,m116_075,m116_076,m116_078,m116_080,m116_007,m116_009,m116_004,m116_023,m116_056,m116_057,m116_046,m116_051,m116_001,m116_011,m116_006,m116_014,m116_025,m116_020,m116_010,m116_015,m116_024,m116_028,m116_033,m116_058,m116_042,m116_055,m116_039,m116_018,m116_065,m116_070,m116_021,m116_079,m116_082,m116_008,m116_066,m116_062,m116_037,m116_068,m116_073,m116_067,m116_074,m116_081,m116_077,m116_017,m116_040,m116_045,m116_019,m116_041,m116_043,m116_044,m116_027,m116_064,m116_063,m116_069,m116_049,m116_050,m116_052,m116_053,m116_031,m116_035,m116_036,m116_054,m116_030,m116_029,m116_038,m116_047,m116_034,m116_059,m116_002,m116_003,m116_005,m116_013,m116_061,m116_048"
UVP5 Geomar 2015 m121,88,M 121,"c_m121_1163,c_m121_1174,c_m121_1250,c_m121_1312,c_m121_1332,c_m121_1292,c_m121_1310,c_m121_1295,c_m121_1325,c_m121_1222,c_m121_1236,c_m121_1286,c_m121_1274,c_m121_1216,c_m121_1276,c_m121_1329,c_m121_1338,c_m121_1208,c_m121_1185,c_m121_1242,c_m121_1166,c_m121_1257,c_m121_1270,c_m121_1262,c_m121_1267,c_m121_1159,c_m121_1259,c_m121_1284,c_m121_1254,c_m121_1290,c_m121_1264,c_m121_1206,c_m121_1202,c_m121_1230,c_m121_1272,c_m121_1305,c_m121_1317,c_m121_1281,c_m121_1334,c_m121_1198,c_m121_1190,c_m121_1243,c_m121_1248,c_m121_1218,c_m121_1297,c_m121_1245,c_m121_1344,c_m121_1255,c_m121_1183,c_m121_1177,c_m121_1240,c_m121_1176,c_m121_1337,c_m121_1301,c_m121_1269,c_m121_1261,c_m121_1314,c_m121_1186,c_m121_1192,c_m121_1228,c_m121_1307,c_m121_1224,c_m121_1341,c_m121_1234,c_m121_1179,c_m121_1162,c_m121_1188,c_m121_1210,c_m121_1320,c_m121_1194,c_m121_1200,c_m121_1156,c_m121_1252,c_m121_1303,c_m121_1283,c_m121_1226,c_m121_1266,c_m121_1277,c_m121_1279,c_m121_1288,c_m121_1294,c_m121_1232,c_m121_1165,c_m121_1299,c_m121_1212,c_m121_1196,c_m121_1170,c_m121_1238"
UVP5 Geomar 2017 m135,138,M 135,"c_m135_047,c_m135_085,c_m135_057,c_m135_112,c_m135_125,c_m135_131,c_m135_110,c_m135_028,c_m135_136,c_m135_073,c_m135_052,c_m135_046,c_m135_104,c_m135_034,c_m135_029,c_m135_064,c_m135_069,c_m135_035,c_m135_031,c_m135_020,c_m135_036,c_m135_039,c_m135_040,c_m135_058,c_m135_065,c_m135_106,c_m135_095,c_m135_100,c_m135_117,c_m135_113,c_m135_067,c_m135_053,c_m135_045,c_m135_128,c_m135_074,c_m135_132,c_m135_005,c_m135_004,c_m135_017,c_m135_010,c_m135_024,c_m135_141,c_m135_090,c_m135_109,c_m135_108,c_m135_043,c_m135_107,c_m135_014,c_m135_105,c_m135_025,c_m135_101,c_m135_084,c_m135_119,c_m135_126,c_m135_142,c_m135_138,c_m135_033,c_m135_102,c_m135_140,c_m135_062,c_m135_096,c_m135_061,c_m135_059,c_m135_091,c_m135_133,c_m135_018,c_m135_044,c_m135_050,c_m135_019,c_m135_021,c_m135_007,c_m135_111,c_m135_011,c_m135_120,c_m135_022,c_m135_103,c_m135_009,c_m135_066,c_m135_041,c_m135_122,c_m135_127,c_m135_049,c_m135_054,c_m135_077,c_m135_037,c_m135_070,c_m135_071,c_m135_079,c_m135_072,c_m135_075,c_m135_076,c_m135_081,c_m135_015,c_m135_026,c_m135_082,c_m135_056,c_m135_055,c_m135_048,c_m135_137,c_m135_087,c_m135_089,c_m135_114,c_m135_121,c_m135_134,c_m135_123,c_m135_098,c_m135_118,c_m135_124,c_m135_038,c_m135_078,c_m135_012,c_m135_023,c_m135_080,c_m135_083,c_m135_099,c_m135_135,c_m135_094,c_m135_088,c_m135_093,c_m135_016,c_m135_115,c_m135_032,c_m135_116,c_m135_006,c_m135_063,c_m135_068,c_m135_139,c_m135_027,c_m135_051,c_m135_092,c_m135_042,c_m135_013,c_m135_008,c_m135_060,c_m135_030,c_m135_097,c_m135_129,c_m135_086"
UVP5 GREEN EDGE Ice Camp 2015,29,GREENEDGE ICE CAMP 2015,"gn2015_l2_022,gn2015_l2_010,gn2015_l2_011,gn2015_l2_012,gn2015_l2_013,gn2015_l2_009,gn2015_l2_017,gn2015_l2_026,gn2015_l2_032,gn2015_l2_007,gn2015_l2_028,gn2015_l2_027,gn2015_l2_029,gn2015_l2_008,gn2015_l2_015,gn2015_l2_030,gn2015_l2_002,gn2015_l2_003,gn2015_l2_006,gn2015_l2_020,gn2015_l2_018,gn2015_l2_019,gn2015_l2_016,gn2015_l2_023,gn2015_l2_024,gn2015_l2_021,gn2015_l2_025,gn2015_l2_031,gn2015_l2_014"
UVP5 IPS Amundsen 2018,7,IPS Amundsen 2018,"ips_008,ips_009,ips_010,ips_011,ips_007,ips_013,ips_012"
UVP5 JERICO 2017,27,JERICO 2017,"jerico201707whodde,jerico201707hanobkt,jerico201707a17,jerico2017074by5,jerico201707by4,jerico201707fladen,jerico201707by15,jerico201707by15a,jerico201707p2,jerico201707by1,jerico201707by20,jerico201707a15,jerico201707anholt2,jerico20170710ll7,jerico201707wland,jerico2017074ctrybp,jerico201707a16,jerico201707a14,jerico20170710ll15,jerico20170710ll12,jerico201707by38,jerico201707by2,jerico201707slaggo,jerico201707by10,jerico201707a13,jerico201707anholte,jerico201707by32"
UVP5 LOHAFEX 2009,57,LOHAFEX 2009,"lohafex_ps73_148d,lohafex_ps73_178,lohafex_ps73_179,lohafex_ps73_186,lohafex_ps73_141,lohafex_ps73_204d,lohafex_ps73_180,lohafex_ps73_98,lohafex_ps73_159,lohafex_ps73_204,lohafex_ps73_181,lohafex_ps73_188,lohafex_ps73_191,lohafex_ps73_199,lohafex_ps73_182,lohafex_ps73_134,lohafex_ps73_138,lohafex_ps73_164,lohafex_ps73_192,lohafex_ps73_195,lohafex_ps73_204a,lohafex_ps73_185,lohafex_ps73_170,lohafex_ps73_164a,lohafex_ps73_170d,lohafex_ps73_176,lohafex_ps73_112,lohafex_ps73_111,lohafex_ps73_101,lohafex_ps73_114,lohafex_ps73_114a,lohafex_ps73_193,lohafex_ps73_137,lohafex_ps73_132a,lohafex_ps73_135,lohafex_ps73_146d,lohafex_ps73_137d,lohafex_ps73_139b,lohafex_ps73_153,lohafex_ps73_160,lohafex_ps73_204b,lohafex_ps73_177,lohafex_ps73_197,lohafex_ps73_139,lohafex_ps73_187,lohafex_ps73_149,lohafex_ps73_189,lohafex_ps73_212,lohafex_ps73_132,lohafex_ps73_148a,lohafex_ps73_174,lohafex_ps73_152,lohafex_ps73_163,lohafex_ps73_150,lohafex_ps73_190,lohafex_ps73_162,lohafex_ps73_102"
UVP5 MALINA 2009,24,MALINA 2009,"malina071,malina011,malina086,malina094,malina133,malina135,malina141,malina036,malina064,malina003,malina155,malina159,malina092,malina027,malina161,malina005,malina014,malina028,malina035,malina119,malina121,malina126,malina158,malina154"
UVP5 MooseGE 2012 2013 2014 2015 2016,8,"MOOSE GE 2013 B, MOOSE GE 2014, MOOSE GE 2015","moose2013_ge_leg6_011,moose2013_ge_leg6_017,leg1_26,leg1_38,moose2015_ge_leg2_013,moose2015_ge_leg2_016,moose2015_ge_leg1_003,moose2015_ge_leg1_037"
UVP5 OPEREX 2008,25,OPEREX 2008,"088,093,001,039,066,077,054,056,009,034,050,065,020,079,082,006,007,031,045,058,080,089,081,017,010"
UVP5 OUTPACE 2015,205,OUTPACE 2015,"outpace_043,outpace_044,outpace_053,outpace_058,outpace_069,outpace_071,outpace_001,outpace_005,outpace_007,outpace_010,outpace_011,outpace_014,outpace_022,outpace_023,outpace_024,outpace_039,outpace_040,outpace_042,outpace_045,outpace_046,outpace_047,outpace_048,outpace_050,outpace_051,outpace_052,outpace_056,outpace_057,outpace_059,outpace_060,outpace_061,outpace_063,outpace_065,outpace_067,outpace_018,outpace_068,outpace_070,outpace_088,outpace_080,outpace_074,outpace_076,outpace_077,outpace_081,outpace_082,outpace_102,outpace_101,outpace_103,outpace_105,outpace_106,outpace_107,outpace_108,outpace_112,outpace_115,outpace_116,outpace_119,outpace_118,outpace_117,outpace_122,outpace_124,outpace_123,outpace_126,outpace_125,outpace_134,outpace_136,outpace_137,outpace_138,outpace_139,outpace_143,outpace_145,outpace_146,outpace_147,outpace_148,outpace_149,outpace_150,outpace_158,outpace_159,outpace_160,outpace_161,outpace_162,outpace_164,outpace_165,outpace_167,outpace_166,outpace_170,outpace_169,outpace_171,outpace_173,outpace_175,outpace_176,outpace_178,outpace_179,outpace_180,outpace_206,outpace_211,outpace_212,outpace_072,outpace_087,outpace_079,outpace_078,outpace_092,outpace_006,outpace_017,outpace_019,outpace_109,outpace_110,outpace_113,outpace_127,outpace_129,outpace_130,outpace_132,outpace_135,outpace_120,outpace_114,outpace_151,outpace_156,outpace_168,outpace_208,outpace_207,outpace_062,outpace_093,outpace_009,outpace_021,outpace_037,outpace_055,outpace_073,outpace_213,outpace_075,outpace_091,outpace_095,outpace_121,outpace_128,outpace_131,outpace_133,outpace_140,outpace_144,outpace_155,outpace_174,outpace_205,outpace_210,outpace_111,outpace_020,outpace_026,outpace_027,outpace_153,outpace_188,outpace_192,outpace_193,outpace_194,outpace_195,outpace_196,outpace_197,outpace_198,outpace_199,outpace_201,outpace_202,outpace_203,outpace_204,outpace_209,outpace_028,outpace_032,outpace_033,outpace_029,outpace_030,outpace_031,outpace_034,outpace_036,outpace_038,outpace_035,outpace_064,outpace_041,outpace_054,outpace_094,outpace_066,outpace_099,outpace_016,outpace_002,outpace_025,outpace_003,outpace_015,outpace_141,outpace_142,outpace_152,outpace_157,outpace_172,outpace_177,outpace_181,outpace_182,outpace_183,outpace_184,outpace_185,outpace_186,outpace_187,outpace_189,outpace_190,outpace_191,outpace_200,outpace_008,outpace_049,outpace_083,outpace_084,outpace_085,outpace_086,outpace_089,outpace_104,outpace_100,outpace_154"
UVP5 Sargasso 2014 (sargasso_a sargasso_b),84,"SARGASSO A, SARGASSO B","p0042,p0053,p0067,p0075,p0127,p0142,p0234,p0242,p0279,p0285,p0290,p0307,p0312,p0317,p0319,p0325,p0373,p0365,p0360,p0387,p0405,p0425,p0435,p0448,p0151,p0157,p0184,p0115,p0177,p0092,p0217,p0248,p0221,p0243,p0207,p0289,p0303,p0287,p0294,p0301,p0342,p0195,p0460,p0124,p0413,p0401,p0097,p0168,ppp15,pp0036,pp1,p25,p4209,p42108,p42154,p42149,p4287,p4201a,p4201,p42112,p42116,p42130,p42135,p42137,p42140,p42142,p42151,p4246,p4238,p4248,p4260,p4263,p4268,p4266,p4284,p4251,p4276,p4285,p4290,p4299,p4235,p4220,p4234,p42119"
UVP5 SOMBA 2014,7,SOMBA 2014,"somba_2014_leg1_004,somba_2014_leg2_004,somba_2014_leg2_005,somba_2014_leg2_015,somba_2014_leg2_019,somba_2014_leg3_008,somba_2014_leg3_013"
UVP5 Subice 2014,24,SUBICE 2014,"hly23001,hly11501,hly12301,hly12801,hly13201,hly16801,hly16901,hly18201,hly20701,hly21701,hly07501,hly10301,hly10601,hly10704,hly14101,hly14301,hly06901,hly09101,hly07901,hly10001,hly10504,hly19603,hly22401,hly22701"
"UVP5 Tara Oceans (tara2009, tara2010, tara2011, tara2012, tara2013)",723,"TARA 2009, TARA 2010, Tara 2011, TARA 2012 A, TARA 2012 B, TARA 2013","tara_030_a,tara_023_a,tara_014_a,tara_016_b,tara_022_a,tara_022_b,tara_023_c,tara_022_c,tara_024_d,tara_025_c,tara_016_c,tara_017_a,tara_017_b,tara_030_c,tara_030_b,tara_r01,tara_r00,tara_r02,tara_r03,tara_r04,tara_r06,tara_r07_a,tara_r08,tara_r09,tara_r10,tara_r12,tara_r13,tara_012_b,tara_021_a,tara_021_b,tara_029,tara_030_e,tara_r11,tara_025_a,tara_025_b,tara_012_c,tara_030_d,tara_012_a,tara_023_b,tara_038_00_j,tara_038_00_l,tara_039_00_a,tara_039_00_d,tara_040_00_d,tara_041_00_c,tara_045_00_a,tara_044_00_e,tara_045_00_b,tara_045_00_f,tara_051_00_c,tara_064_00_f,tara_067_00_b,tara_067_00_c,tara_070_00_e,tara_074_00_a,tara_075_00_a,tara_076_00_a,tara_076_00_g,tara_078_00_b,tara_080_00_a,tara_038_00_a,tara_038_00_b,tara_038_00_d,tara_040_00_c,tara_041_00_d,tara_066_00_c,tara_036_01,tara_078_00_a,tara_078_00_h,tara_078_00_j,tara_080_00_b,tara_078_00_n,tara_080_00_c,tara_078_00_m,tara_081_00_b,tara_036_03,tara_037_00_b,tara_037_00_d,tara_050_00_b,tara_039_00_i,tara_064_00_a,tara_053_00_b,tara_080_00_d,tara_081_00_a,tara_078_00_d,tara_080_00_e,tara_033_a,tara_039_00_e,tara_039_00_g,tara_040_00_e,tara_040_00_f,tara_041_00_a,tara_047_00_a,tara_045_00_d,tara_048_00_b,tara_048_00_c,tara_048_00_a,tara_050_00_c,tara_050_00_a,tara_050_00_e,tara_051_00_b,tara_052_00_a,tara_052_00_c,tara_057_00_a,tara_056_00_a,tara_063_00_a,tara_064_00_b,tara_065_00_a,tara_065_00_b,tara_065_00_d,tara_065_00_e,tara_067_00_d,tara_067_00_f,tara_070_00_g,tara_071_00_a,tara_071_00_b,tara_072_00_a,tara_042_00_c,tara_072_00_b,tara_072_00_c,tara_078_00_e,tara_042_00_b,tara_082_00_a,tara_034_b,tara_065_00_c,tara_032_a,tara_068_00_h,tara_076_00_h,tara_082_00_b,tara_038_00_e,tara_038_00_i,tara_038_00_h,tara_044_00_d,tara_039_00_b,tara_064_00_e,tara_067_00_g,tara_070_00_d2,tara_070_00_d,tara_072_00_d,tara_045_00_c,tara_037_00_f,tara_067_00_e,tara_045_00_e,tara_073_00_a,tara_074_00_b,tara_036_00_b,tara_053_00_a,tara_079_00_c,tara_034_a,tara_077_00_a,tara_051_00_a,tara_064_00_c,tara_067_00_a,tara_076_00_d,tara_075_00_b,tara_036_00_c,tara_073_00_b,tara_076_00_f,tara_076_00_i,tara_078_00_g,tara_079_00_a,tara_083_00_a,tara_083_00_b,tara_031_b,tara_032_b,tara_032_c,tara_033_b,tara_036_00_a,tara_036_02,tara_037_00_c,tara_037_00_e,tara_038_00_c,tara_039_00_c,tara_039_00_f,tara_040_00_b,tara_041_00_b,tara_044_00_b,tara_042_00_a,tara_046_00_a,tara_043_00_a,tara_066_00_d,tara_068_00_a,tara_068_00_b,tara_067_00_i,tara_068_00_f,tara_068_00_m,tara_068_00_g,tara_068_00_j,tara_068_00_k,tara_068_00_n,tara_069_00_a,tara_069_00_b,tara_070_00_a,tara_072_00_e,tara_076_00_b,tara_067_00_h,tara_064_00_d,tara_082_00_c,tara_031_a,tara_044_00_a,tara_068_00_i,tara_070_00_b,tara_044_00_f,tara_fbt_00_a,tara_077_00_b,tara_038_00_f,tara_040_00_a,tara_052_00_b,tara_066_00_a,tara_072_00_f,tara_072_00_g,tara_070_00_f,tara_076_00_e,tara_078_00_f,tara_038_00_k,tara_068_00_e,tara_068_00_o,tara_086_00_a,tara_093_00_a,tara_093_00_c,tara_093_00_e,tara_094_00_a,tara_093_00_d,tara_094_00_b,tara_094_00_c,tara_095_00_aa,tara_095_00_a,tara_096_00_a,tara_096_00_c,tara_096_00_d,tara_096_00_e,tara_096_00_f,tara_096_00_g,tara_097_00_b,tara_097_00_c,tara_096_00_i,tara_097_00_d,tara_097_00_g,tara_097_00_f,tara_097_00_h,tara_097_00_j,tara_098_00_c,tara_098_00_d,tara_098_00_b,tara_098_00_f,tara_098_00_g,tara_098_00_h,tara_098_00_j,tara_098_00_k,tara_098_00_m,tara_099_00_a,tara_098_00_n,tara_099_00_b,tara_100_00_b,tara_100_00_e,tara_100_00_g,tara_100_00_h,tara_101_00_a,tara_102_00_c,tara_102_00_b,tara_102_00_a,tara_102_00_d,tara_104_00_a,tara_086_00_b,tara_084_00_b,tara_107_00_a,tara_106_00_f,tara_106_00_g,tara_109_00_d,tara_110_00_b,tara_110_00_a,tara_111_00_a,tara_111_00_e,tara_111_00_i,tara_111_00_g,tara_111_00_h,tara_111_07_a,tara_111_08_a,tara_111_09_a,tara_113_00_a,tara_114_00_a,tara_117_00_a,tara_123_00_g,tara_123_00_e,tara_123_00_f,tara_124_00_g,tara_124_00_d,tara_124_00_c,tara_124_00_h,tara_124_00_i,tara_124_00_j,tara_124_00_l,tara_124_00_k,tara_125_00_a,tara_125_00_b,tara_125_00_c,tara_125_00_d,tara_125_00_e,tara_125_00_f,tara_127_00_b,tara_126_00_b,tara_127_00_a,tara_129_00_d,tara_129_00_h,tara_132_00_a,tara_132_00_b,tara_132_03_a,tara_133_00_a,tara_130_00_b,tara_131_00_c,tara_131_00_d,tara_131_00_f,tara_131_00_g,tara_131_00_h,tara_131_00_i,tara_132_00_f,tara_096_00_b,tara_095_00_c,tara_097_00_a,tara_097_00_i,tara_100_00_a,tara_100_00_c,tara_133_00_f,tara_133_00_e,tara_133_00_g,tara_133_01_a,tara_133_02_a,tara_105_00_a,tara_111_00_f,tara_124_00_f,tara_129_00_c,tara_131_00_a,tara_132_00_e,tara_133_03_a,tara_134_00_a,tara_109_00_e,tara_095_00_d,tara_135_00_a,tara_134_00_b,tara_135_00_b,tara_135_00_f,tara_135_00_g,tara_135_01_b,tara_135_01_c,tara_135_01_a,tara_136_00_a,tara_136_00_b,tara_136_01_a,tara_136_05_a,tara_137_00_i,tara_137_01_a,tara_137_00_c,tara_137_00_b,tara_137_00_d,tara_137_00_e,tara_137_00_f,tara_137_00_g,tara_137_00_h,tara_138_00_a,tara_138_00_b,tara_138_00_c,tara_138_00_d,tara_140_00_a,tara_140_00_b,tara_138_00_h,tara_138_00_k,tara_138_01_a,tara_139_00_a,tara_139_00_b,tara_139_01_a,tara_139_02_a,tara_138_00_j,tara_093_00_b,tara_095_00_b,tara_098_00_i,tara_100_00_f,tara_102_00_e,tara_106_00_e,tara_109_00_a,tara_109_00_c,tara_109_00_g,tara_109_00_h,tara_110_00_c,tara_110_00_e,tara_110_00_f,tara_110_00_g,tara_111_00_c,tara_111_00_d,tara_111_02_a,tara_111_00_j,tara_111_01_a,tara_111_03_a,tara_124_00_a,tara_125_00_g,tara_127_00_c,tara_128_00_a,tara_128_00_c,tara_128_00_d,tara_129_00_e,tara_129_00_f,tara_133_00_b,tara_133_00_c,tara_133_00_d,tara_135_00_e,tara_135_00_c,tara_136_03_a,tara_084_00_a,tara_094_00_d,tara_098_00_a,tara_103_00_a,tara_098_00_l,tara_100_00_d,tara_102_00_f,tara_102_00_g,tara_106_00_b,tara_106_00_c,tara_106_00_d,tara_109_00_b,tara_110_00_h,tara_111_00_b,tara_111_04_a,tara_111_05_a,tara_111_06_a,tara_112_02_a,tara_122_00_a,tara_122_00_l,tara_122_00_f,tara_122_00_h,tara_122_00_j,tara_122_00_m,tara_122_00_c,tara_122_00_d,tara_122_00_e,tara_122_00_g,tara_122_00_k,tara_122_00_n,tara_123_00_a,tara_123_00_b,tara_123_00_c,tara_123_00_d,tara_123_00_h,tara_124_00_e,tara_127_00_d,tara_128_00_b,tara_129_00_a,tara_129_00_g,tara_130_00_a,tara_132_00_c,tara_132_00_d,tara_133_04_a,tara_136_02_a,tara_136_04_a,tara_137_00_a,tara_137_03_a,tara_138_00_e,tara_138_00_g,tara_138_00_i,tara_139_03_a,tara_131_00_b,tara_124_00_b,tara_132_02_a,tara_096_00_h,tara_110_00_d,tara_122_00_i,tara_128_00_e,tara_129_00_b,tara_122_00_b,tara_122_00_o,tara_144_00_f,tara_144_00_e,tara_144_01_a,tara_144_00_d,tara_144_03_a,tara_145_00_a,tara_145_00_g,tara_146_00_a,tara_145_00_f,tara_146_00_b,tara_146_00_e,tara_146_00_f,tara_144_00_c,tara_145_00_c,tara_145_00_d,tara_146_02_a,tara_146_05_a,tara_147_00_b,tara_146_01_a,tara_144_00_b,tara_144_00_a,tara_146_00_c,tara_146_00_g,tara_146_00_d,tara_146_04_a,tara_144_02_a,tara_145_00_b,tara_145_00_e,tara_146_03_a,tara_147_00_a,tara_144_04_a,tara_147_00_c,tara_142_01_a,tara_142_00_c,tara_142_00_h,tara_142_04_a,tara_142_05_a,tara_143_00_b,tara_143_00_c,tara_143_00_d,tara_143_00_e,tara_143_00_f,tara_143_01_a,tara_148_00_b,tara_148_00_c,tara_148_00_f,tara_142_02_a,tara_148_00_g,tara_148_01_d,tara_148_00_d,tara_148_01_a,tara_148_00_e,tara_149_00_b,tara_149_00_d,tara_149_00_e,tara_150_00_a,tara_149_00_a,tara_152_00_l,tara_152_03_a,tara_152_00_k,tara_148_01_c,tara_149_00_c,tara_152_00_j,tara_148_00_a,tara_153_00_e,tara_154_00_a,tara_153_00_f,tara_153_00_d,tara_152_02_a,tara_150_00_b,tara_150_00_c,tara_151_00_a,tara_151_00_b,tara_151_00_c,tara_151_00_d,tara_148_01_b,tara_152_00_b,tara_152_00_a,tara_152_00_i,tara_152_00_h,tara_152_00_e,tara_153_00_b,tara_152_00_d,tara_153_00_h,tara_152_00_g,tara_142_00_b,tara_142_00_i,tara_142_02_b,tara_142_03_a,tara_143_00_g,tara_152_00_c,tara_153_00_c,tara_142_00_a,tara_152_00_f,tara_143_00_a,tara_141_00_b,tara_142_00_g,tara_152_01_a,tara_141_00_a,tara_151_00_e,tara_151_00_f,tara_153_00_a,tara_151_01_a,tara_153_00_g,tara_142_00_d,tara_142_00_e,tara_142_00_f,tara_151_02_a,tara_189_09,tara_193_01,tara_194_01,tara_194_02,tara_178_01,tara_199_01,tara_198_01,tara_200_01,tara_201_04,tara_155_01,tara_175_01,tara_189_03,tara_189_07,tara_189_08,tara_194_03,tara_196_02,tara_201_07,tara_201_10,tara_202_01,tara_202_02,tara_203_01,tara_204_01,tara_205_01,tara_201_08,tara_201_09,tara_205_04,tara_205_05,tara_205_06,tara_201_13,tara_205_08,tara_206_01,tara_206_10,tara_209_04,tara_209_05,tara_209_08,tara_209_07,tara_210_01,tara_210_04,tara_210_05,tara_206_07,tara_206_06,tara_206_08,tara_210_06,tara_208_01,tara_186_01,tara_210_08,tara_155_05,tara_155_06,tara_155_07,tara_168_02,tara_156_02,tara_157_01,tara_160_01,tara_162_01,tara_158_02,tara_158_03,tara_158_04,tara_161_01,tara_163_01,tara_163_02,tara_163_03,tara_163_06,tara_164_01,tara_163_07,tara_165_01,tara_167_01,tara_168_01,tara_168_03,tara_168_04,tara_168_05,tara_168_06,tara_168_07,tara_168_08,tara_171_01,tara_170_01,tara_172_01,tara_173_01,tara_173_02,tara_175_02,tara_173_03,tara_175_03,tara_175_05,tara_175_06,tara_175_07,tara_175_10,tara_175_12,tara_175_13,tara_175_08,tara_175_11,tara_175_14,tara_181_01,tara_182_01,tara_188_03,tara_189_01,tara_189_05,tara_189_06,tara_192_01,tara_195_01,tara_201_02,tara_201_03,tara_201_05,tara_201_06,tara_205_02,tara_206_04,tara_155_02,tara_155_08,tara_155_09,tara_169_01,tara_174_01,tara_175_09,tara_175_15,tara_176_01,tara_177_01,tara_180_01,tara_180_02,tara_183_01,tara_185_02,tara_197_01,tara_201_12,tara_205_07,tara_206_02,tara_209_06,tara_209_09,tara_210_02,tara_210_03,tara_207_01,tara_210_07,tara_156_01,tara_159_01,tara_163_04,tara_163_05,tara_166_01,tara_175_04,tara_187_01,tara_188_01,tara_189_04,tara_201_01,tara_209_01,tara_179_01,tara_184_01,tara_206_09,tara_158_01,tara_201_11,tara_189_02,tara_196_01,tara_206_05,tara_178_02"
uvp5_sn009_2015_p16n,104,"uvp5_sn009_2015_p16n, uvp5_sn009_2015_p16n_goa","p16n_021,p16n_057,p16n_180,p16n_033,p16n_066,p16n_099,p16n_098,p16n_100,p16n_102,p16n_101,p16n_106,p16n_115,p16n_116,p16n_109,p16n_114,p16n_130,p16n_131,p16n_141,p16n_156,p16n_142,p16n_038,p16n_042,p16n_044,p16n_062,p16n_075,p16n_085,p16n_129,p16n_113,p16n_112,p16n_065,p16n_058,p16n_181,p16n_050,p16n_031,p16n_006,p16n_016,p16n_070,p16n_052,p16n_053,p16n_185,p16n_080,p16n_082,p16n_081,p16n_086,p16n_090,p16n_186,p16n_091,p16n_011,p16n_013,p16n_024,p16n_026,p16n_104,p16n_105,p16n_121,p16n_122,p16n_124,p16n_126,p16n_134,p16n_136,p16n_146,p16n_148,p16n_001,p16n_149,p16n_056,p16n_152,p16n_154,p16n_161,p16n_172,p16n_166,p16n_110,p16n_118,p16n_103,p16n_107,p16n_117,p16n_145,p16n_028,p16n_076,p16n_054,p16n_175,p16n_176,p16n_051,p16n_018,p16n_023,p16n_059,p16n_061,p16n_097,p16n_108,p16n_150,p16n_151,p16n_012,p16n_048,p16n_043,p16n_036,p16n_046,p16n_060,p16n_047,p16n_041,p16n_071,p16n_049,p16n_055,p16n_045,p16n_196,p16n_207,p16n_195"
UVP5hd CCELTER 2017,78,CCELTER 2017,"p1706_15,p1706_38,p1706_47,p1706_69,p1706_73,p1706_46,p1706_61,p1706_16,p1706_77,p1706_20,p1706_62,p1706_31,p1706_57,p1706_45,p1706_85,p1706_17,p1706_67,p1706_63,p1706_68,p1706_66,p1706_75,p1706_39,p1706_41,p1706_40,p1706_44,p1706_65,p1706_58,p1706_29,p1706_42,p1706_05,p1706_04,p1706_06,p1706_07,p1706_08,p1706_10,p1706_21,p1706_25,p1706_55,p1706_19,p1706_43,p1706_52,p1706_36,p1706_51,p1706_12,p1706_64,p1706_37,p1706_34,p1706_28,p1706_48,p1706_33,p1706_23,p1706_74,p1706_70,p1706_49,p1706_32,p1706_79,p1706_76,p1706_53,p1706_27,p1706_11,p1706_90,p1706_60,p1706_09,p1706_86,p1706_18,p1706_50,p1706_56,p1706_54,p1706_59,p1706_14,p1706_87,p1706_35,p1706_13,p1706_30,p1706_89,p1706_88,p1706_22,p1706_24"
UVP5hd GreenEdge 2016,166,"GREENEDGE 2016 A, GREENEDGE 2016 C","ge_2016_028,ge_2016_002,ge_2016_016,ge_2016_015,ge_2016_033,ge_2016_034,ge_2016_052,ge_2016_044,ge_2016_001,ge_2016_005,ge_2016_003,ge_2016_007,ge_2016_009,ge_2016_010,ge_2016_012,ge_2016_029,ge_2016_041,ge_2016_082,ge_2016_083,ge_2016_062,ge_2016_071,ge_2016_068,ge_2016_014,ge_2016_004,ge_2016_006,ge_2016_032,ge_2016_018,ge_2016_063,ge_2016_027,ge_2016_031,ge_2016_064,ge_2016_067,ge_2016_072,ge_2016_054,ge_2016_047,ge_2016_075,ge_2016_040,ge_2016_023,ge_2016_039,ge_2016_042,ge_2016_043,ge_2016_046,ge_2016_048,ge_2016_079,ge_2016_076,ge_2016_060,ge_2016_057,ge_2016_049,ge_2016_008,ge_2016_011,ge_2016_013,ge_2016_017,ge_2016_019,ge_2016_020,ge_2016_021,ge_2016_022,ge_2016_025,ge_2016_024,ge_2016_035,ge_2016_037,ge_2016_045,ge_2016_030,ge_2016_038,ge_2016_036,ge_2016_110,ge_2016_123,ge_2016_140,ge_2016_099,ge_2016_197,ge_2016_195,ge_2016_087,ge_2016_089,ge_2016_095,ge_2016_104,ge_2016_103,ge_2016_102,ge_2016_120,ge_2016_124,ge_2016_138,ge_2016_202,ge_2016_134,ge_2016_152,ge_2016_165,ge_2016_166,ge_2016_171,ge_2016_180,ge_2016_186,ge_2016_201,ge_2016_106,ge_2016_199,ge_2016_086,ge_2016_092,ge_2016_132,ge_2016_118,ge_2016_109,ge_2016_139,ge_2016_175,ge_2016_088,ge_2016_094,ge_2016_093,ge_2016_156,ge_2016_091,ge_2016_098,ge_2016_100,ge_2016_113,ge_2016_114,ge_2016_116,ge_2016_125,ge_2016_131,ge_2016_129,ge_2016_128,ge_2016_159,ge_2016_153,ge_2016_142,ge_2016_161,ge_2016_191,ge_2016_188,ge_2016_117,ge_2016_119,ge_2016_162,ge_2016_167,ge_2016_090,ge_2016_164,ge_2016_127,ge_2016_143,ge_2016_151,ge_2016_097,ge_2016_096,ge_2016_105,ge_2016_115,ge_2016_121,ge_2016_108,ge_2016_111,ge_2016_122,ge_2016_169,ge_2016_173,ge_2016_170,ge_2016_163,ge_2016_168,ge_2016_154,ge_2016_149,ge_2016_174,ge_2016_182,ge_2016_192,ge_2016_187,ge_2016_193,ge_2016_178,ge_2016_177,ge_2016_181,ge_2016_179,ge_2016_112,ge_2016_158,ge_2016_172,ge_2016_133,ge_2016_101,ge_2016_141,ge_2016_150,ge_2016_155,ge_2016_130,ge_2016_160,ge_2016_176,ge_2016_184,ge_2016_107,ge_2016_183,ge_2016_190,ge_2016_185"
UVP5hd msm060 (2017),126,MSM060,"msm_060_008_0001,msm_060_310_0001,msm_060_264_0001,msm_060_161_0001,msm_060_157_0001,msm_060_023_0001,msm_060_120_0001,msm_060_269_0001,msm_060_165_0001,msm_060_056_0001,msm_060_116_0001,msm_060_182_0001,msm_060_354_0001,msm_060_387_0001,msm_060_231_0001,msm_060_417_0001,msm_060_407_0001,msm_060_423_0001,msm_060_439_0001,msm_060_399_0001,msm_060_273_0001,msm_060_015_0001,msm_060_039_0001b,msm_060_072_0001,msm_060_433_0001,msm_060_140_0001,msm_060_144_0001,msm_060_178_0001,msm_060_286_0001,msm_060_306_0001,msm_060_277_0001,msm_060_331_0001,msm_060_350_0001,msm_060_128_0001,msm_060_445_0001,msm_060_136_0001,msm_060_290_0001,msm_060_150_0001,msm_060_298_0001,msm_060_302_0001,msm_060_316_0001,msm_060_338_0001,msm_060_383_0001,msm_060_018_0001,msm_060_170_0001,msm_060_211_0001,msm_060_228_0001,msm_060_198_0001,msm_060_214_0001,msm_060_194_0001,msm_060_039_0001,msm_060_006_0001,msm_060_011_0001,msm_060_012_0001,msm_060_016_0001,msm_060_031_0001,msm_060_043_0001,msm_060_059_0001,msm_060_064_0001,msm_060_068_0001,msm_060_092_0001,msm_060_107_0001,msm_060_236_0001,msm_060_248_0001,msm_060_252_0001,msm_060_256_0001,msm_060_260_0001,msm_060_315_0001,msm_060_323_0001,msm_060_096_0002,msm_060_096_0001,msm_060_112_0001,msm_060_104_0001,msm_060_148_0001,msm_060_132_0001,msm_060_153_0001,msm_060_202_0001,msm_060_244_0001,msm_060_219_0001,msm_060_240_0001,msm_060_367_0001,msm_060_375_0001,msm_060_379_0001,msm_060_436_0001,msm_060_007_0001,msm_060_048_0001,msm_060_222_0001,msm_060_027_0001,msm_060_362_0001,msm_060_346_0001,msm_060_327_0001,msm_060_391_0001,msm_060_052_0001,msm_060_124_0001,msm_060_185_0001,msm_060_190_0001,msm_060_206_0001,msm_060_342_0001,msm_060_449_0001,msm_060_452_0001,msm_060_453_0001,msm_060_456_0001,msm_060_451_0001,msm_060_076_0001,msm_060_080_0001,msm_060_009_0001,msm_060_013_0001,msm_060_153_0002,msm_060_334_0001,msm_060_100_0001,msm_060_410_0001,msm_060_319_0001,msm_060_395_0001,msm_060_413_0001,msm_060_431_0001,msm_060_035_0001,msm_060_088_0001,msm_060_084_0001,msm_060_174_0001,msm_060_358_0001,msm_060_371_0001,msm_060_404_0001,msm_060_420_0001,msm_060_427_0001,msm_060_443_0001,msm_060_447_0001"
UVP5hd NAAMES02,23,NAAMES 02,"station2_cast5,station4_cast11,station4_cast12,station4_cast15,station4_cast16,station4_cast2,station4_cast3,station4_cast6,station4_cast4,station4_cast7,station4_cast8,station4_cast18,station4_cast9,station2_cast6,station4_cast13,station4_cast14,station2_cast1b,station2_cast2b,station2_cast3b,station4_cast19,station2_cast4,station4_cast17,station4_cast5"
UVP5zd CCELTER 2011,58,CCELTER 2011,"cce_p1106_cycle2_06,cce_p1106_cycle2_07,cce_p1106_cycle3_05,cce_p1106_cycle3_08,cce_p1106_cycle4_03,cce_p1106_cycle4_07,cce_p1106_cycle5_03,cce_p1106_cycle6_01,cce_p1106_cycle6_03,cce_p1106_cycle5_06,cce_p1106_cycle6_05,cce_p1106_upfront_2_08,cce_p1106_upfront_3_02,cce_p1106_upfront_3_07,cce_p1106_cycle5_02,cce_p1106_upfront_3_08,cce_p1106_upfront_3_10,cce_p1106_cycle5_08,cce_p1106_upfront_3_04,cce_p1106_cycle3_07,cce_p1106_upfront_2_04,cce_p1106_cycle4_02,cce_p1106_cycle4_04,cce_p1106_cycle4_08,cce_p1106_cycle6_02,cce_p1106_upfront_3_01,cce_p1106_upfront_3_05,cce_p1106_upfront_2_03,cce_p1106_upfront_2_10,cce_p1106_cycle6_06,cce_p1106_cycle3_09,cce_p1106_cycle2_04,cce_p1106_upfront_3_09,cce_p1106_cycle2_05,cce_p1106_upfront_2_06,cce_p1106_cycle2_08,cce_p1106_cycle3_04,cce_p1106_cycle3_01,cce_p1106_cycle3_03,cce_p1106_cycle3_06,cce_p1106_cycle3_02,cce_p1106_upfront_2_09,cce_p1106_upfront_2_07,cce_p1106_cycle5_01,cce_p1106_cycle2_01,cce_p1106_cycle4_01,cce_p1106_upfront_3_06,cce_p1106_cycle5_05,cce_p1106_cycle5_07,cce_p1106_cycle6_04,cce_p1106_cycle4_05,cce_p1106_cycle4_06,cce_p1106_cycle5_04,cce_p1106_upfront_2_01,cce_p1106_upfront_2_05,cce_p1106_cycle6_07,cce_p1106_upfront_3_03,cce_p1106_upfront_2_02"
UVP5zd KEOPS,15,KEOPS 2,"a3212,e16,a32,e12,fl4,a33,rk27,rk24,fl7,rk26,fl8,a329,e19,tns5,rk2"
